Workbook

Sheet Ingredient Prices
A1: 🍪 MIDNIGHT DOUGH - INGREDIENT PRICE DATABASE
A2: Edit Package Price - Price per Unit calculates automatically
A4: Ingredient | B4: Unit | C4: Package Size | D4: Package Price ($) | E4: Price per Unit | F4: Notes
A5: Unsalted Butter | B5: g | C5: 454 | D5: 2.69 | E5: =D5/C5 | F5: Standard 1lb block
A6: Vegetable Shortening | B6: g | C6: 1360 | D6: 6.49 | E6: =D6/C6 | F6: Crisco 48oz
A7: Granulated Sugar | B7: g | C7: 22679 | D7: 31.39 | E7: =D7/C7 | F7: 4lb bag
A8: Brown Sugar (Light) | B8: g | C8: 22679 | D8: 57.29 | E8: =D8/C8 | F8: 2lb bag
A9: Brown Sugar (Dark) | B9: g | C9: 22679 | D9: 57.29 | E9: =D9/C9 | F9: 2lb bag
A10: Powdered Sugar | B10: g | C10: 907 | D10: 2.99 | E10: =D10/C10 | F10: 2lb bag
A11: All-Purpose Flour | B11: g | C11: 22679 | D11: 18.49 | E11: =D11/C11 | F11: 5lb bag
A12: Cornstarch | B12: g | C12: 454 | D12: 2.99 | E12: =D12/C12 | F12: 1lb box
A13: Dutch-Process Cocoa | B13: g | C13: 227 | D13: 8.99 | E13: =D13/C13 | F13: 8oz premium
A14: Old-Fashioned Oats | B14: g | C14: 1134 | D14: 4.99 | E14: =D14/C14 | F14: 40oz container
A15: Baking Powder | B15: g | C15: 2267 | D15: 21.99 | E15: =D15/C15 | F15: 10oz can
A16: Baking Soda | B16: g | C16: 2267 | D16: 7.99 | E16: =D16/C16 | F16: 1lb box
... A35: Pecans (chopped) | B35: g | C35: 227 | D35: 9.99 | E35: =D35/C35 | F35: 8oz bag

Sheet Recipe Database
A1: 🍪 MIDNIGHT DOUGH - RECIPE DATABASE
A3: Recipe Name | B3: Base Yield | C3: Base Size (g) | D3: Total Dough (g) | E3: Ingredient | F3: Amount | G3: Unit | H3: Category
A4: Sugar Cookie | B4: 24 | C4: 48 | D4: 1152 | E4: Unsalted Butter | F4: 170 | G4: g | H4: Wet
A5: Sugar Cookie | B5: 24 | C5: 48 | D5: 1152 | E5: Granulated Sugar | F5: 250 | G5: g | H5: Wet
A6: Sugar Cookie | B6: 24 | C6: 48 | D6: 1152 | E6: Eggs (large) | F6: 1 | G6: each | H6: Wet
A7: Sugar Cookie | B7: 24 | C7: 48 | D7: 1152 | E7: Vanilla Extract | F7: 8 | G7: g | H7: Wet
A8: Sugar Cookie | B8: 24 | C8: 48 | D8: 1152 | E8: Sour Cream | F8: 30 | G8: g | H8: Wet
A9: Sugar Cookie | B9: 24 | C9: 48 | D9: 1152 | E9: All-Purpose Flour | F9: 345 | G9: g | H9: Dry
A10: Sugar Cookie | B10: 24 | C10: 48 | D10: 1152 | E10: Cornstarch | F10: 8 | G10: g | H10: Dry
A11: Sugar Cookie | B11: 24 | C11: 48 | D11: 1152 | E11: Baking Powder | F11: 5 | G11: g | H11: Dry
A12: Sugar Cookie | B12: 24 | C12: 48 | D12: 1152 | E12: Baking Soda | F12: 3 | G12: g | H12: Dry
A13: Sugar Cookie | B13: 24 | C13: 48 | D13: 1152 | E13: Salt (Kosher) | F13: 4 | G13: g | H13: Dry
A14: Sugar Cookie | B14: 24 | C14: 48 | D14: 1152 | E14: Granulated Sugar | F14: 50 | G14: g | H14: Rolling
A15: Snickerdoodle | B15: 24 | C15: 50 | D15: 1200 | E15: All-Purpose Flour | F15: 375 | G15: g | H15: Dry
... A70: Oatmeal Raisin | B70: 24 | C70: 50 | D70: 1200 | E70: Walnuts (chopped) | F70: 60 | G70: g | H70: Mix-in

Sheet Batch Calculator
A1: 📊 BATCH CALCULATOR - Scale Any Recipe
A2: Select cookie type, enter quantity & size. Ingredients scale automatically with costs!
A4: Cookie Type: | D4: Base Yield: | E4: =IFERROR(VLOOKUP(B4,'Recipe Database'!A:B,2,FALSE),"") | G4: Total Dough: | H4: =IF(OR(B5="",B6=""),"",B5*B6)
A5: Quantity Needed: | D5: Base Size (g): | E5: =IFERROR(VLOOKUP(B4,'Recipe Database'!A:C,3,FALSE),"") | G5: Total Cost: | H5: =IF(F36="","",F36)
A6: Cookie Size (g): | D6: Scale Factor: | E6: =IF(OR(B5="",B6="",E4="",E5=""),"",(B5*B6)/(E4*E5)) | F6: x base recipe | G6: Cost/Cookie: | H6: =IF(OR(H5="",B5=""),"",H5/B5)
A8: Ingredient | B8: Base Amount | C8: Unit | D8: Scaled Amount | E8: Unit Price | F8: Ingredient Cost | G8: Category
A9: Unsalted Butter | B9: =IFERROR(SUMIFS('Recipe Database'!F:F,'Recipe Database'!A:A,$B$4,'Recipe Database'!E:E,A9),0) | C9: =IFERROR(VLOOKUP(A9,'Ingredient Prices'!A:B,2,FALSE),"") | D9: =IF(OR($E$6="",B9=0),"",ROUND(B9*$E$6,1)) | E9: =IFERROR(VLOOKUP(A9,'Ingredient Prices'!A:E,5,FALSE),0) | F9: =IF(D9="",0,D9*E9) | G9: =IFERROR(INDEX('Recipe Database'!H:H,MATCH(1,('Recipe Database'!A:A=$B$4)*('Recipe Database'!E:E=A9),0)),"")
A10: Granulated Sugar | B10: =IFERROR(SUMIFS('Recipe Database'!F:F,'Recipe Database'!A:A,$B$4,'Recipe Database'!E:E,A10),0) | C10: =IFERROR(VLOOKUP(A10,'Ingredient Prices'!A:B,2,FALSE),"") | D10: =IF(OR($E$6="",B10=0),"",ROUND(B10*$E$6,1)) | E10: =IFERROR(VLOOKUP(A10,'Ingredient Prices'!A:E,5,FALSE),0) | F10: =IF(D10="",0,D10*E10) | G10: =IFERROR(INDEX('Recipe Database'!H:H,MATCH(1,('Recipe Database'!A:A=$B$4)*('Recipe Database'!E:E=A10),0)),"")
A11: Brown Sugar (Light) | B11: =IFERROR(SUMIFS('Recipe Database'!F:F,'Recipe Database'!A:A,$B$4,'Recipe Database'!E:E,A11),0) | C11: =IFERROR(VLOOKUP(A11,'Ingredient Prices'!A:B,2,FALSE),"") | D11: =IF(OR($E$6="",B11=0),"",ROUND(B11*$E$6,1)) | E11: =IFERROR(VLOOKUP(A11,'Ingredient Prices'!A:E,5,FALSE),0) | F11: =IF(D11="",0,D11*E11) | G11: =IFERROR(INDEX('Recipe Database'!H:H,MATCH(1,('Recipe Database'!A:A=$B$4)*('Recipe Database'!E:E=A11),0)),"")
A12: Brown Sugar (Dark) | B12: =IFERROR(SUMIFS('Recipe Database'!F:F,'Recipe Database'!A:A,$B$4,'Recipe Database'!E:E,A12),0) | C12: =IFERROR(VLOOKUP(A12,'Ingredient Prices'!A:B,2,FALSE),"") | D12: =IF(OR($E$6="",B12=0),"",ROUND(B12*$E$6,1)) | E12: =IFERROR(VLOOKUP(A12,'Ingredient Prices'!A:E,5,FALSE),0) | F12: =IF(D12="",0,D12*E12) | G12: =IFERROR(INDEX('Recipe Database'!H:H,MATCH(1,('Recipe Database'!A:A=$B$4)*('Recipe Database'!E:E=A12),0)),"")
A13: Eggs (large) | B13: =IFERROR(SUMIFS('Recipe Database'!F:F,'Recipe Database'!A:A,$B$4,'Recipe Database'!E:E,A13),0) | C13: =IFERROR(VLOOKUP(A13,'Ingredient Prices'!A:B,2,FALSE),"") | D13: =IF(OR($E$6="",B13=0),"",ROUND(B13*$E$6,1)) | E13: =IFERROR(VLOOKUP(A13,'Ingredient Prices'!A:E,5,FALSE),0) | F13: =IF(D13="",0,D13*E13) | G13: =IFERROR(INDEX('Recipe Database'!H:H,MATCH(1,('Recipe Database'!A:A=$B$4)*('Recipe Database'!E:E=A13),0)),"")
A14: Egg Yolk | B14: =IFERROR(SUMIFS('Recipe Database'!F:F,'Recipe Database'!A:A,$B$4,'Recipe Database'!E:E,A14),0) | C14: =IFERROR(VLOOKUP(A14,'Ingredient Prices'!A:B,2,FALSE),"") | D14: =IF(OR($E$6="",B14=0),"",ROUND(B14*$E$6,1)) | E14: =IFERROR(VLOOKUP(A14,'Ingredient Prices'!A:E,5,FALSE),0) | F14: =IF(D14="",0,D14*E14) | G14: =IFERROR(INDEX('Recipe Database'!H:H,MATCH(1,('Recipe Database'!A:A=$B$4)*('Recipe Database'!E:E=A14),0)),"")
A15: Vanilla Extract | B15: =IFERROR(SUMIFS('Recipe Database'!F:F,'Recipe Database'!A:A,$B$4,'Recipe Database'!E:E,A15),0) | C15: =IFERROR(VLOOKUP(A15,'Ingredient Prices'!A:B,2,FALSE),"") | D15: =IF(OR($E$6="",B15=0),"",ROUND(B15*$E$6,1)) | E15: =IFERROR(VLOOKUP(A15,'Ingredient Prices'!A:E,5,FALSE),0) | F15: =IF(D15="",0,D15*E15) | G15: =IFERROR(INDEX('Recipe Database'!H:H,MATCH(1,('Recipe Database'!A:A=$B$4)*('Recipe Database'!E:E=A15),0)),"")
A16: Sour Cream | B16: =IFERROR(SUMIFS('Recipe Database'!F:F,'Recipe Database'!A:A,$B$4,'Recipe Database'!E:E,A16),0) | C16: =IFERROR(VLOOKUP(A16,'Ingredient Prices'!A:B,2,FALSE),"") | D16: =IF(OR($E$6="",B16=0),"",ROUND(B16*$E$6,1)) | E16: =IFERROR(VLOOKUP(A16,'Ingredient Prices'!A:E,5,FALSE),0) | F16: =IF(D16="",0,D16*E16) | G16: =IFERROR(INDEX('Recipe Database'!H:H,MATCH(1,('Recipe Database'!A:A=$B$4)*('Recipe Database'!E:E=A16),0)),"")
A17: Cream Cheese | B17: =IFERROR(SUMIFS('Recipe Database'!F:F,'Recipe Database'!A:A,$B$4,'Recipe Database'!E:E,A17),0) | C17: =IFERROR(VLOOKUP(A17,'Ingredient Prices'!A:B,2,FALSE),"") | D17: =IF(OR($E$6="",B17=0),"",ROUND(B17*$E$6,1)) | E17: =IFERROR(VLOOKUP(A17,'Ingredient Prices'!A:E,5,FALSE),0) | F17: =IF(D17="",0,D17*E17) | G17: =IFERROR(INDEX('Recipe Database'!H:H,MATCH(1,('Recipe Database'!A:A=$B$4)*('Recipe Database'!E:E=A17),0)),"")
A18: All-Purpose Flour | B18: =IFERROR(SUMIFS('Recipe Database'!F:F,'Recipe Database'!A:A,$B$4,'Recipe Database'!E:E,A18),0) | C18: =IFERROR(VLOOKUP(A18,'Ingredient Prices'!A:B,2,FALSE),"") | D18: =IF(OR($E$6="",B18=0),"",ROUND(B18*$E$6,1)) | E18: =IFERROR(VLOOKUP(A18,'Ingredient Prices'!A:E,5,FALSE),0) | F18: =IF(D18="",0,D18*E18) | G18: =IFERROR(INDEX('Recipe Database'!H:H,MATCH(1,('Recipe Database'!A:A=$B$4)*('Recipe Database'!E:E=A18),0)),"")
A19: Cornstarch | B19: =IFERROR(SUMIFS('Recipe Database'!F:F,'Recipe Database'!A:A,$B$4,'Recipe Database'!E:E,A19),0) | C19: =IFERROR(VLOOKUP(A19,'Ingredient Prices'!A:B,2,FALSE),"") | D19: =IF(OR($E$6="",B19=0),"",ROUND(B19*$E$6,1)) | E19: =IFERROR(VLOOKUP(A19,'Ingredient Prices'!A:E,5,FALSE),0) | F19: =IF(D19="",0,D19*E19) | G19: =IFERROR(INDEX('Recipe Database'!H:H,MATCH(1,('Recipe Database'!A:A=$B$4)*('Recipe Database'!E:E=A19),0)),"")
A20: Dutch-Process Cocoa | B20: =IFERROR(SUMIFS('Recipe Database'!F:F,'Recipe Database'!A:A,$B$4,'Recipe Database'!E:E,A20),0) | C20: =IFERROR(VLOOKUP(A20,'Ingredient Prices'!A:B,2,FALSE),"") | D20: =IF(OR($E$6="",B20=0),"",ROUND(B20*$E$6,1)) | E20: =IFERROR(VLOOKUP(A20,'Ingredient Prices'!A:E,5,FALSE),0) | F20: =IF(D20="",0,D20*E20) | G20: =IFERROR(INDEX('Recipe Database'!H:H,MATCH(1,('Recipe Database'!A:A=$B$4)*('Recipe Database'!E:E=A20),0)),"")
... A34: Lemon Zest | B34: =IFERROR(SUMIFS('Recipe Database'!F:F,'Recipe Database'!A:A,$B$4,'Recipe Database'!E:E,A34),0) | C34: =IFERROR(VLOOKUP(A34,'Ingredient Prices'!A:B,2,FALSE),"") | D34: =IF(OR($E$6="",B34=0),"",ROUND(B34*$E$6,1)) | E34: =IFERROR(VLOOKUP(A34,'Ingredient Prices'!A:E,5,FALSE),0) | F34: =IF(D34="",0,D34*E34) | G34: =IFERROR(INDEX('Recipe Database'!H:H,MATCH(1,('Recipe Database'!A:A=$B$4)*('Recipe Database'!E:E=A34),0)),"")
E36: TOTAL COST: | F36: =SUM(F9:F35)

Sheet Order Calculator
A1: 🍪 MIDNIGHT DOUGH - ORDER CALCULATOR
A2: Add multiple orders. Each row calculates batches needed and estimated ingredient cost.
A4: # | B4: Cookie Type | C4: Qty | D4: Size (g) | E4: Total Dough (g) | F4: Scale Factor | G4: Est. Cost ($) | H4: Cost/Cookie | I4: Notes
A5: 1 | E5: =IF(C5="","",C5*D5) | F5: =IF(B5="","",E5/VLOOKUP(B5,'Recipe Database'!A:D,4,FALSE)) | G5: =IFERROR(IF(F5="","",F5*SUMPRODUCT(('Recipe Database'!A$4:A$100=B5)*('Recipe Database'!F$4:F$100)*VLOOKUP('Recipe Database'!E$4:E$100,'Ingredient Prices'!A:E,5,FALSE))),"") | H5: =IF(OR(G5="",C5=""),"",G5/C5)
A6: 2 | E6: =IF(C6="","",C6*D6) | F6: =IF(B6="","",E6/VLOOKUP(B6,'Recipe Database'!A:D,4,FALSE)) | G6: =IFERROR(IF(F6="","",F6*SUMPRODUCT(('Recipe Database'!A$4:A$100=B6)*('Recipe Database'!F$4:F$100)*VLOOKUP('Recipe Database'!E$4:E$100,'Ingredient Prices'!A:E,5,FALSE))),"") | H6: =IF(OR(G6="",C6=""),"",G6/C6)
A7: 3 | E7: =IF(C7="","",C7*D7) | F7: =IF(B7="","",E7/VLOOKUP(B7,'Recipe Database'!A:D,4,FALSE)) | G7: =IFERROR(IF(F7="","",F7*SUMPRODUCT(('Recipe Database'!A$4:A$100=B7)*('Recipe Database'!F$4:F$100)*VLOOKUP('Recipe Database'!E$4:E$100,'Ingredient Prices'!A:E,5,FALSE))),"") | H7: =IF(OR(G7="",C7=""),"",G7/C7)
A8: 4 | E8: =IF(C8="","",C8*D8) | F8: =IF(B8="","",E8/VLOOKUP(B8,'Recipe Database'!A:D,4,FALSE)) | G8: =IFERROR(IF(F8="","",F8*SUMPRODUCT(('Recipe Database'!A$4:A$100=B8)*('Recipe Database'!F$4:F$100)*VLOOKUP('Recipe Database'!E$4:E$100,'Ingredient Prices'!A:E,5,FALSE))),"") | H8: =IF(OR(G8="",C8=""),"",G8/C8)
A9: 5 | E9: =IF(C9="","",C9*D9) | F9: =IF(B9="","",E9/VLOOKUP(B9,'Recipe Database'!A:D,4,FALSE)) | G9: =IFERROR(IF(F9="","",F9*SUMPRODUCT(('Recipe Database'!A$4:A$100=B9)*('Recipe Database'!F$4:F$100)*VLOOKUP('Recipe Database'!E$4:E$100,'Ingredient Prices'!A:E,5,FALSE))),"") | H9: =IF(OR(G9="",C9=""),"",G9/C9)
A10: 6 | E10: =IF(C10="","",C10*D10) | F10: =IF(B10="","",E10/VLOOKUP(B10,'Recipe Database'!A:D,4,FALSE)) | G10: =IFERROR(IF(F10="","",F10*SUMPRODUCT(('Recipe Database'!A$4:A$100=B10)*('Recipe Database'!F$4:F$100)*VLOOKUP('Recipe Database'!E$4:E$100,'Ingredient Prices'!A:E,5,FALSE))),"") | H10: =IF(OR(G10="",C10=""),"",G10/C10)
A11: 7 | E11: =IF(C11="","",C11*D11) | F11: =IF(B11="","",E11/VLOOKUP(B11,'Recipe Database'!A:D,4,FALSE)) | G11: =IFERROR(IF(F11="","",F11*SUMPRODUCT(('Recipe Database'!A$4:A$100=B11)*('Recipe Database'!F$4:F$100)*VLOOKUP('Recipe Database'!E$4:E$100,'Ingredient Prices'!A:E,5,FALSE))),"") | H11: =IF(OR(G11="",C11=""),"",G11/C11)
A12: 8 | E12: =IF(C12="","",C12*D12) | F12: =IF(B12="","",E12/VLOOKUP(B12,'Recipe Database'!A:D,4,FALSE)) | G12: =IFERROR(IF(F12="","",F12*SUMPRODUCT(('Recipe Database'!A$4:A$100=B12)*('Recipe Database'!F$4:F$100)*VLOOKUP('Recipe Database'!E$4:E$100,'Ingredient Prices'!A:E,5,FALSE))),"") | H12: =IF(OR(G12="",C12=""),"",G12/C12)
A13: 9 | E13: =IF(C13="","",C13*D13) | F13: =IF(B13="","",E13/VLOOKUP(B13,'Recipe Database'!A:D,4,FALSE)) | G13: =IFERROR(IF(F13="","",F13*SUMPRODUCT(('Recipe Database'!A$4:A$100=B13)*('Recipe Database'!F$4:F$100)*VLOOKUP('Recipe Database'!E$4:E$100,'Ingredient Prices'!A:E,5,FALSE))),"") | H13: =IF(OR(G13="",C13=""),"",G13/C13)
A14: 10 | E14: =IF(C14="","",C14*D14) | F14: =IF(B14="","",E14/VLOOKUP(B14,'Recipe Database'!A:D,4,FALSE)) | G14: =IFERROR(IF(F14="","",F14*SUMPRODUCT(('Recipe Database'!A$4:A$100=B14)*('Recipe Database'!F$4:F$100)*VLOOKUP('Recipe Database'!E$4:E$100,'Ingredient Prices'!A:E,5,FALSE))),"") | H14: =IF(OR(G14="",C14=""),"",G14/C14)
A15: 11 | E15: =IF(C15="","",C15*D15) | F15: =IF(B15="","",E15/VLOOKUP(B15,'Recipe Database'!A:D,4,FALSE)) | G15: =IFERROR(IF(F15="","",F15*SUMPRODUCT(('Recipe Database'!A$4:A$100=B15)*('Recipe Database'!F$4:F$100)*VLOOKUP('Recipe Database'!E$4:E$100,'Ingredient Prices'!A:E,5,FALSE))),"") | H15: =IF(OR(G15="",C15=""),"",G15/C15)
A16: 12 | E16: =IF(C16="","",C16*D16) | F16: =IF(B16="","",E16/VLOOKUP(B16,'Recipe Database'!A:D,4,FALSE)) | G16: =IFERROR(IF(F16="","",F16*SUMPRODUCT(('Recipe Database'!A$4:A$100=B16)*('Recipe Database'!F$4:F$100)*VLOOKUP('Recipe Database'!E$4:E$100,'Ingredient Prices'!A:E,5,FALSE))),"") | H16: =IF(OR(G16="",C16=""),"",G16/C16)
... A24: 20 | E24: =IF(C24="","",C24*D24) | F24: =IF(B24="","",E24/VLOOKUP(B24,'Recipe Database'!A:D,4,FALSE)) | G24: =IFERROR(IF(F24="","",F24*SUMPRODUCT(('Recipe Database'!A$4:A$100=B24)*('Recipe Database'!F$4:F$100)*VLOOKUP('Recipe Database'!E$4:E$100,'Ingredient Prices'!A:E,5,FALSE))),"") | H24: =IF(OR(G24="",C24=""),"",G24/C24)
A26: TOTALS | C26: =SUM(C5:C25) | E26: =SUM(E5:E25) | G26: =SUM(G5:G25)

Sheet Shopping List
A1: 🛒 INGREDIENT SHOPPING LIST
A2: Enter amounts needed → see packages to buy and total cost
A4: Ingredient | B4: Amount Needed | C4: Unit | D4: Pkg Size | E4: Pkgs to Buy | F4: Pkg Price | G4: Total Cost | H4: Notes
A5: Unsalted Butter | C5: =IFERROR(VLOOKUP(A5,'Ingredient Prices'!A:B,2,FALSE),"") | D5: =IFERROR(VLOOKUP(A5,'Ingredient Prices'!A:C,3,FALSE),"") | E5: =IF(B5="","",ROUNDUP(B5/D5,0)) | F5: =IFERROR(VLOOKUP(A5,'Ingredient Prices'!A:D,4,FALSE),"") | G5: =IF(E5="","",E5*F5)
A6: Granulated Sugar | C6: =IFERROR(VLOOKUP(A6,'Ingredient Prices'!A:B,2,FALSE),"") | D6: =IFERROR(VLOOKUP(A6,'Ingredient Prices'!A:C,3,FALSE),"") | E6: =IF(B6="","",ROUNDUP(B6/D6,0)) | F6: =IFERROR(VLOOKUP(A6,'Ingredient Prices'!A:D,4,FALSE),"") | G6: =IF(E6="","",E6*F6)
A7: Brown Sugar (Light) | C7: =IFERROR(VLOOKUP(A7,'Ingredient Prices'!A:B,2,FALSE),"") | D7: =IFERROR(VLOOKUP(A7,'Ingredient Prices'!A:C,3,FALSE),"") | E7: =IF(B7="","",ROUNDUP(B7/D7,0)) | F7: =IFERROR(VLOOKUP(A7,'Ingredient Prices'!A:D,4,FALSE),"") | G7: =IF(E7="","",E7*F7)
A8: Brown Sugar (Dark) | C8: =IFERROR(VLOOKUP(A8,'Ingredient Prices'!A:B,2,FALSE),"") | D8: =IFERROR(VLOOKUP(A8,'Ingredient Prices'!A:C,3,FALSE),"") | E8: =IF(B8="","",ROUNDUP(B8/D8,0)) | F8: =IFERROR(VLOOKUP(A8,'Ingredient Prices'!A:D,4,FALSE),"") | G8: =IF(E8="","",E8*F8)
A9: Eggs (large) | C9: =IFERROR(VLOOKUP(A9,'Ingredient Prices'!A:B,2,FALSE),"") | D9: =IFERROR(VLOOKUP(A9,'Ingredient Prices'!A:C,3,FALSE),"") | E9: =IF(B9="","",ROUNDUP(B9/D9,0)) | F9: =IFERROR(VLOOKUP(A9,'Ingredient Prices'!A:D,4,FALSE),"") | G9: =IF(E9="","",E9*F9)
A10: Egg Yolk | C10: =IFERROR(VLOOKUP(A10,'Ingredient Prices'!A:B,2,FALSE),"") | D10: =IFERROR(VLOOKUP(A10,'Ingredient Prices'!A:C,3,FALSE),"") | E10: =IF(B10="","",ROUNDUP(B10/D10,0)) | F10: =IFERROR(VLOOKUP(A10,'Ingredient Prices'!A:D,4,FALSE),"") | G10: =IF(E10="","",E10*F10)
A11: Vanilla Extract | C11: =IFERROR(VLOOKUP(A11,'Ingredient Prices'!A:B,2,FALSE),"") | D11: =IFERROR(VLOOKUP(A11,'Ingredient Prices'!A:C,3,FALSE),"") | E11: =IF(B11="","",ROUNDUP(B11/D11,0)) | F11: =IFERROR(VLOOKUP(A11,'Ingredient Prices'!A:D,4,FALSE),"") | G11: =IF(E11="","",E11*F11)
A12: Sour Cream | C12: =IFERROR(VLOOKUP(A12,'Ingredient Prices'!A:B,2,FALSE),"") | D12: =IFERROR(VLOOKUP(A12,'Ingredient Prices'!A:C,3,FALSE),"") | E12: =IF(B12="","",ROUNDUP(B12/D12,0)) | F12: =IFERROR(VLOOKUP(A12,'Ingredient Prices'!A:D,4,FALSE),"") | G12: =IF(E12="","",E12*F12)
A13: Cream Cheese | C13: =IFERROR(VLOOKUP(A13,'Ingredient Prices'!A:B,2,FALSE),"") | D13: =IFERROR(VLOOKUP(A13,'Ingredient Prices'!A:C,3,FALSE),"") | E13: =IF(B13="","",ROUNDUP(B13/D13,0)) | F13: =IFERROR(VLOOKUP(A13,'Ingredient Prices'!A:D,4,FALSE),"") | G13: =IF(E13="","",E13*F13)
A14: All-Purpose Flour | C14: =IFERROR(VLOOKUP(A14,'Ingredient Prices'!A:B,2,FALSE),"") | D14: =IFERROR(VLOOKUP(A14,'Ingredient Prices'!A:C,3,FALSE),"") | E14: =IF(B14="","",ROUNDUP(B14/D14,0)) | F14: =IFERROR(VLOOKUP(A14,'Ingredient Prices'!A:D,4,FALSE),"") | G14: =IF(E14="","",E14*F14)
A15: Cornstarch | C15: =IFERROR(VLOOKUP(A15,'Ingredient Prices'!A:B,2,FALSE),"") | D15: =IFERROR(VLOOKUP(A15,'Ingredient Prices'!A:C,3,FALSE),"") | E15: =IF(B15="","",ROUNDUP(B15/D15,0)) | F15: =IFERROR(VLOOKUP(A15,'Ingredient Prices'!A:D,4,FALSE),"") | G15: =IF(E15="","",E15*F15)
A16: Dutch-Process Cocoa | C16: =IFERROR(VLOOKUP(A16,'Ingredient Prices'!A:B,2,FALSE),"") | D16: =IFERROR(VLOOKUP(A16,'Ingredient Prices'!A:C,3,FALSE),"") | E16: =IF(B16="","",ROUNDUP(B16/D16,0)) | F16: =IFERROR(VLOOKUP(A16,'Ingredient Prices'!A:D,4,FALSE),"") | G16: =IF(E16="","",E16*F16)
... A30: Lemon Zest | C30: =IFERROR(VLOOKUP(A30,'Ingredient Prices'!A:B,2,FALSE),"") | D30: =IFERROR(VLOOKUP(A30,'Ingredient Prices'!A:C,3,FALSE),"") | E30: =IF(B30="","",ROUNDUP(B30/D30,0)) | F30: =IFERROR(VLOOKUP(A30,'Ingredient Prices'!A:D,4,FALSE),"") | G30: =IF(E30="","",E30*F30)
F31: GRAND TOTAL: | G31: =SUM(G5:G30)

Sheet Quick Reference
A1: 📋 QUICK REFERENCE - COOKIE SIZES & BAKE TIMES
A3: Cookie | B3: Recommended Size (g) | C3: Oven Temp | D3: Bake Time
A4: Sugar Cookie | B4: 45-50g | C4: 350°F (175°C) | D4: 9-11 min
A5: Snickerdoodle | B5: 40g (sm) / 70-80g (lg) | C5: 375°F (190°C) | D5: 10 min
A6: Dark Chocolate Chip | B6: 110-120g | C6: 375°F (190°C) | D6: 12-14 min
A7: Chocolate Chip | B7: 40-70g / 80-100g (lg) | C7: 350°F (175°C) | D7: 10-12 min
A8: Lemon Sugar | B8: 30g / 45-55g (bakery) | C8: 350°F (175°C) | D8: 10-12 min
A9: Oatmeal Raisin | B9: 45-55g | C9: 350°F (175°C) | D9: 11-13 min
